<?xml version="1.0" encoding="UTF-8" standalone="yes"?>
<addon id="plugin.video.montvbox.voo" name="Voo on Montvbox" provider-name="Montvbox" version="0.1.3">
  <requires>
    <import addon="script.module.montvbox"/>
  </requires>
  <extension point="xbmc.python.pluginsource" library="default.py" provides="video">
    <provides>video</provides>
  </extension>
  <extension point="xbmc.addon.metadata">
    <description lang="en">Watch Voo TV on Montvbox. Subscription need </description>
    <reuselanguageinvoker>true</reuselanguageinvoker>
    <license></license>
    <language></language>
    <website></website>
    <news>Initial release</news>
    <assets>
      <icon>icon.png</icon>
      <fanart>fanart.jpg</fanart>
    </assets>
  </extension>
</addon>
