<?xml version="1.0" encoding="UTF-8" standalone="yes"?>
<addon id="plugin.video.montvbox.looktv" name="Looktv on Montvbox" provider-name="Montvbox" version="0.1.5">
  <requires>
    <import addon="script.module.montvbox"/>
  </requires>
  <extension point="xbmc.python.pluginsource" library="default.py" provides="video">
    <provides>video</provides>
  </extension>
  <extension point="xbmc.addon.metadata">
    <description lang="en">Watch Mongolian TV on Montvbox </description>
    <reuselanguageinvoker>true</reuselanguageinvoker>
    <license></license>
    <language></language>
    <website></website>
    <news>Remove service and reminders</news>
    <assets>
      <icon>icon.png</icon>
      <fanart>fanart.jpg</fanart>
    </assets>
  </extension>
</addon>
