<?xml version="1.0" encoding="UTF-8" standalone="yes"?>
<addon id="montvbox.addons.repo" name="MonTVBox Repo" version="1.0.2" provider-name="MonTVBox Team">
    <extension point="xbmc.addon.repository" name="MonTVBox Repo">
        <dir>
            <info compressed="false">https://www.montvbox.com/mbxrepo/addons.xml</info>
            <checksum>https://www.montvbox.com/mbxrepo/addons.xml.md5</checksum>
            <datadir zip="true">https://www.montvbox.com/mbxrepo/</datadir>
        </dir>
    </extension>
    <extension point="xbmc.addon.metadata">
        <summary>MonTVBox add-on repository</summary>
        <description>MonTVBox add-ons are for mongolian iptv and medias in internet</description>
        <disclaimer></disclaimer>
        <platform>android android-aarch64</platform>
        <assets>
            <icon>icon.png</icon>
            <fanart>fanart.jpg</fanart>
        </assets>
    </extension>
</addon>
