<?xml version="1.0" encoding="UTF-8" standalone="yes"?>
<addon id="plugin.audio.montvbox.radio" name="Radio on Montvbox" provider-name="Montvbox" version="0.1.0">
  <requires>
    <import addon="script.module.montvbox"/>
  </requires>
  <extension point="xbmc.python.pluginsource" library="default.py" provides="audio">
    <provides>audio</provides>
  </extension>
  <extension point="xbmc.addon.metadata">
    <description lang="en">Easily listen to all your MN radio stations</description>
    <reuselanguageinvoker>true</reuselanguageinvoker>
    <license></license>
    <language></language>
    <website></website>
    <news>Initial Release</news>
    <assets>
      <icon>icon.png</icon>
      <fanart>fanart.jpg</fanart>
    </assets>
  </extension>
</addon>
