<?xml version="1.0" encoding="utf-8"?>
<window id="1137">
	<allowoverlay>no</allowoverlay>
    <menucontrol></menucontrol>

    <animation effect="slide" end="0" time="500">WindowClose</animation>
    <animation effect="slide" end="0" time="500">WindowOpen</animation>
    <zorder>10</zorder>
	<views>50</views>
    <coordinates>
        <left>0</left>
        <top>0</top>
    </coordinates>

	<controls>
		<control type="videowindow">
		    <posx>0</posx>
			<posy>0</posy>
			<width>1280</width>
			<height>720</height>
		</control>
		<control type="image">
			<posx>0</posx>
			<posy>0</posy>
			<width>1280</width>
			<height>720</height>
			<texture>montvbox-tv-greenhee01.png</texture>
		</control>
		<control type="label" id="7009">
			<posx>0</posx>
			<posy>20</posy>
			<alignment>2</alignment>
			<align>center</align>
			<aligny>center</aligny>
			<width>1280</width>
			<height>40</height>
		</control>
		<control type="label" id="7000"></control>
		<control type="label" id="7101">
			<posy>50</posy>
			<posx>0</posx>
			<alignment>2</alignment>
			<align>center</align>
			<aligny>center</aligny>
			<font>font14</font>
			<width>1280</width>
			<height>30</height>
		</control>
		<control type="label" id="7201">
			<description>idx marker</description>
			<visible>!Control.IsVisible(7000)</visible>
		</control>
        <!-- live label -->
        <control type="label" id="7601">
			<posy>50</posy>
			<posx>60</posx>
            <visible>Control.IsVisible(7701)</visible>
			<alignment>2</alignment>
			<align>left</align>
			<aligny>center</aligny>
			<font>font14</font>
			<width>1280</width>
			<height>30</height>
		</control>
        <!-- live list -->
		<control type="wraplist" id="7001">
			<posy>80</posy>
			<posx>60</posx>
			<width>1160</width>
			<height>112</height>
			<onleft>9000</onleft>
			<onright>60</onright>
			<onup>52</onup>
			<ondown>8001</ondown>
			<viewtype label="list">list</viewtype>
			<orientation>horizontal</orientation>
			<visible>Control.IsVisible(7701)</visible>
			<itemlayout width="165" height="110">
                <control type="image">
					<posx>0</posx>
					<posy>0</posy>
					<width>165</width>
					<height>110</height>
					<texture>montvbox-tv-green20.png</texture>
				</control>
				<control type="image">
					<posx>10</posx>
					<posy>10</posy>
					<width>145</width>
					<height>90</height>
					<info>ListItem.Icon</info>
				</control>
			</itemlayout>
			<focusedlayout width="165" height="110">
				<control type="button">
					<posx>0</posx>
					<posy>0</posy>
					<width>165</width>
					<height>110</height>
                    <texturefocus>montvbox-tv-blue20.png</texturefocus>
                    <texturenofocus>montvbox-tv-green20.png</texturenofocus>
				</control>
				<control type="image">
					<posx>10</posx>
					<posy>10</posy>
					<width>145</width>
					<height>90</height>
					<info>ListItem.Icon</info>
				</control>
				<control type="label">
					<posx>10</posx>
					<posy>70</posy>
					<width>145</width>
					<height>40</height>
					<aligny>center</aligny>
					<font>font26</font>
					<textcolor>ffffffff</textcolor>
					<info>ListItem.Label</info> 
				</control> 
			</focusedlayout>
		</control>

        <!-- PlayProgram label -->
        <control type="label" id="8601">
			<posy>210</posy>
			<posx>60</posx>
            <visible>Control.IsVisible(7701)</visible>
			<alignment>2</alignment>
			<align>left</align>
			<aligny>center</aligny>
			<font>font14</font>
			<width>1280</width>
			<height>30</height>
		</control>
        <!-- PlayProgram list -->
		<control type="wraplist" id="8001">
			<posy>240</posy>
			<posx>60</posx>
			<width>1160</width>
			<height>112</height>
			<onleft>9000</onleft>
			<onright>60</onright>
			<onup>7001</onup>
			<ondown>52</ondown>
			<viewtype label="list">list</viewtype>
			<orientation>horizontal</orientation>
			<visible>Control.IsVisible(7701)</visible>
			<itemlayout width="165" height="110">
                <control type="image">
					<posx>0</posx>
					<posy>0</posy>
					<width>165</width>
					<height>110</height>
					<texture>montvbox-tv-green20.png</texture>
				</control>
				<control type="image">
					<posx>10</posx>
					<posy>10</posy>
					<width>145</width>
					<height>90</height>
					<info>ListItem.Icon</info>
				</control>
			</itemlayout>
			<focusedlayout width="165" height="110">
				<control type="button">
					<posx>0</posx>
					<posy>0</posy>
					<width>165</width>
					<height>110</height>
					<texturefocus>montvbox-tv-blue20.png</texturefocus>
                    <texturenofocus>montvbox-tv-green20.png</texturenofocus>
				</control>
				<control type="image">
					<posx>10</posx>
					<posy>10</posy>
					<width>145</width>
					<height>90</height>
					<info>ListItem.Icon</info>
				</control>
				<control type="label">
					<posx>10</posx>
					<posy>70</posy>
					<width>145</width>
					<height>40</height>
					<aligny>center</aligny>
					<font>font26</font>
					<textcolor>ffffffff</textcolor>
					<info>ListItem.Label</info> 
				</control> 
			</focusedlayout>
		</control>

        <!-- TV Programm dialog -->
		<control type="label" id="7701">
			<description>visibility marker for TV programm</description>
		</control>
		<control type="group">
            <description>TV Programm group</description>
            <left>80</left>
            <top>60</top>
            <width>1160</width>
            <height>560</height>
            <visible>!Control.IsVisible(7701)</visible>
			<control type="label" id="7702">
				<posx>60</posx>
				<posy>0</posy>
				<align>center</align>
				<aligny>center</aligny>
				<font>font30</font>
				<width>1000</width>
				<height>60</height>
			</control>
            <control type="image">
			    <posx>60</posx>
			    <posy>50</posy>
			    <width>994</width>
			    <height>589</height>
			    <texture>montvbox-tv-green-popup.png</texture>
		    </control>
			<control type="list" id="7703">
				<posy>90</posy>
				<posx>105</posx>
				<width>1100</width>
				<onleft>6001</onleft>
				<height>500</height>
				<viewtype label="list">list</viewtype>
				<orientation>vertical</orientation>
				<itemlayout width="900" height="40">
					<control type="image">
						<posx>0</posx>
						<posy>0</posy>
						<width>900</width>
						<height>40</height>
                        <texture>montvbox-tv-opacity0.png</texture>
					</control>
					<control type="label">
						<posx>10</posx>
						<posy>10</posy>
						<width>900</width>
						<height>40</height>
						<info>ListItem.Label</info>
					</control>
				</itemlayout>
				<focusedlayout width="900" height="40">
					<control type="button">
						<posx>0</posx>
						<posy>0</posy>
						<width>900</width>
						<height>40</height>
						<texturefocus>montvbox-tv-blue20.png</texturefocus>
                        <texturenofocus>montvbox-tv-green20.png</texturenofocus>
					</control>
					<control type="label">
						<posx>10</posx>
						<posy>10</posy>
						<width>900</width>
						<height>40</height>
						<info>ListItem.Label</info>
					</control>
				</focusedlayout>
			</control>
		</control>

		<!--Loader-->
		<control type="label" id="5100">
			<description>visibility marker for loading group</description>
		</control>
		<control type="group">
			<posx>0</posx>
			<posy>0</posy>
			<width>1280</width>
			<height>720</height>
			<visible>!Control.IsVisible(5100)</visible>
			<animation effect="fade" start="0" end="100" time="250" delay="1500">Visible</animation>
			<control type="image">
				<posx>0</posx>
				<posy>0</posy>
				<width>1280</width>
				<height>720</height>
				<texture>script-video-bgtime-tv-very-dark-grey.png</texture>
			</control>
			<control type="image">
				<description>loading splash</description>
				<posx>590</posx>
				<posy>250</posy>
				<width>100</width>
				<height>100</height>
				<texture>ring.gif</texture>
			</control>
		</control>
	</controls>
</window>
